date,newspaper,classification,brexit,stories,total_stories
"1-1-2016","Express","Brexit","Other",5,5
"1-1-2017","Express","Brexit","Other",9,9
"1-10-2015","Express","Brexit","Immigration",1,4
"1-10-2015","Express","Brexit","Other",3,4
"1-10-2016","Express","Brexit","Other",14,14
"1-11-2015","Express","Brexit","Other",2,2
"1-11-2016","Express","Brexit","Immigration",1,24
"1-11-2016","Express","Brexit","Other",23,24
"1-12-2015","Express","Brexit","Other",5,5
"1-12-2016","Express","Brexit","Immigration",6,36
"1-12-2016","Express","Brexit","Other",30,36
"1-2-2016","Express","Brexit","Immigration",1,13
"1-2-2016","Express","Brexit","Other",12,13
"1-2-2017","Express","Brexit","Other",40,40
"1-3-2015","Express","Brexit","Other",1,1
"1-3-2016","Express","Brexit","Immigration",1,12
"1-3-2016","Express","Brexit","Other",11,12
"1-3-2017","Express","Brexit","Immigration",3,44
"1-3-2017","Express","Brexit","Other",41,44
"1-4-2015","Express","Brexit","Other",9,9
"1-4-2016","Express","Brexit","Immigration",2,11
"1-4-2016","Express","Brexit","Other",9,11
"1-5-2015","Express","Brexit","Other",4,4
"1-5-2016","Express","Brexit","Other",11,11
"1-6-2015","Express","Brexit","Other",6,6
"1-6-2016","Express","Brexit","Immigration",3,24
"1-6-2016","Express","Brexit","Other",21,24
"1-7-2015","Express","Brexit","Other",10,10
"1-7-2016","Express","Brexit","Immigration",2,30
"1-7-2016","Express","Brexit","Other",28,30
"1-8-2015","Express","Brexit","Immigration",1,8
"1-8-2015","Express","Brexit","Other",7,8
"1-8-2016","Express","Brexit","Other",26,26
"1-9-2015","Express","Brexit","Immigration",2,6
"1-9-2015","Express","Brexit","Other",4,6
"1-9-2016","Express","Brexit","Immigration",2,30
"1-9-2016","Express","Brexit","Other",28,30
"10-1-2016","Express","Brexit","Other",4,4
"10-1-2017","Express","Brexit","Other",37,37
"10-10-2015","Express","Brexit","Immigration",1,5
"10-10-2015","Express","Brexit","Other",4,5
"10-10-2016","Express","Brexit","Immigration",2,39
"10-10-2016","Express","Brexit","Other",37,39
"10-11-2015","Express","Brexit","Immigration",2,13
"10-11-2015","Express","Brexit","Other",11,13
"10-11-2016","Express","Brexit","Other",17,17
"10-12-2015","Express","Brexit","Immigration",2,5
"10-12-2015","Express","Brexit","Other",3,5
"10-12-2016","Express","Brexit","Other",10,10
"10-2-2016","Express","Brexit","Immigration",1,6
"10-2-2016","Express","Brexit","Other",5,6
"10-2-2017","Express","Brexit","Other",29,29
"10-3-2015","Express","Brexit","Other",3,3
"10-3-2016","Express","Brexit","Immigration",2,10
"10-3-2016","Express","Brexit","Other",8,10
"10-3-2017","Express","Brexit","Other",40,40
"10-4-2015","Express","Brexit","Other",7,7
"10-4-2016","Express","Brexit","Other",4,4
"10-5-2015","Express","Brexit","Other",4,4
"10-5-2016","Express","Brexit","Immigration",2,26
"10-5-2016","Express","Brexit","Other",24,26
"10-6-2015","Express","Brexit","Immigration",1,7
"10-6-2015","Express","Brexit","Other",6,7
"10-6-2016","Express","Brexit","Immigration",1,23
"10-6-2016","Express","Brexit","Other",22,23
"10-7-2015","Express","Brexit","Other",11,11
"10-7-2016","Express","Brexit","Other",10,10
"10-8-2015","Express","Brexit","Other",8,8
"10-8-2016","Express","Brexit","Other",17,17
"10-9-2015","Express","Brexit","Immigration",2,5
"10-9-2015","Express","Brexit","Other",3,5
"10-9-2016","Express","Brexit","Other",9,9
"11-1-2016","Express","Brexit","Other",5,5
"11-1-2017","Express","Brexit","Immigration",2,19
"11-1-2017","Express","Brexit","Other",17,19
"11-10-2015","Express","Brexit","Other",3,3
"11-10-2016","Express","Brexit","Immigration",2,42
"11-10-2016","Express","Brexit","Other",40,42
"11-11-2015","Express","Brexit","Other",8,8
"11-11-2016","Express","Brexit","Immigration",1,16
"11-11-2016","Express","Brexit","Other",15,16
"11-12-2015","Express","Brexit","Immigration",1,2
"11-12-2015","Express","Brexit","Other",1,2
"11-12-2016","Express","Brexit","Other",21,21
"11-2-2016","Express","Brexit","Other",16,16
"11-2-2017","Express","Brexit","Other",18,18
"11-3-2015","Express","Brexit","Immigration",1,5
"11-3-2015","Express","Brexit","Other",4,5
"11-3-2016","Express","Brexit","Immigration",1,10
"11-3-2016","Express","Brexit","Other",9,10
"11-3-2017","Express","Brexit","Immigration",1,18
"11-3-2017","Express","Brexit","Other",17,18
"11-4-2015","Express","Brexit","Other",6,6
"11-4-2016","Express","Brexit","Other",11,11
"11-5-2015","Express","Brexit","Other",7,7
"11-5-2016","Express","Brexit","Other",18,18
"11-6-2015","Express","Brexit","Immigration",1,12
"11-6-2015","Express","Brexit","Other",11,12
"11-6-2016","Express","Brexit","Immigration",1,13
"11-6-2016","Express","Brexit","Other",12,13
"11-7-2015","Express","Brexit","Immigration",1,3
"11-7-2015","Express","Brexit","Other",2,3
"11-7-2016","Express","Brexit","Immigration",1,26
"11-7-2016","Express","Brexit","Other",25,26
"11-8-2015","Express","Brexit","Immigration",1,10
"11-8-2015","Express","Brexit","Other",9,10
"11-8-2016","Express","Brexit","Other",14,14
"11-9-2015","Express","Brexit","Other",8,8
"11-9-2016","Express","Brexit","Other",15,15
"12-1-2016","Express","Brexit","Immigration",1,10
"12-1-2016","Express","Brexit","Other",9,10
"12-1-2017","Express","Brexit","Other",34,34
"12-10-2015","Express","Brexit","Immigration",1,11
"12-10-2015","Express","Brexit","Other",10,11
"12-10-2016","Express","Brexit","Immigration",4,46
"12-10-2016","Express","Brexit","Other",42,46
"12-11-2015","Express","Brexit","Immigration",1,4
"12-11-2015","Express","Brexit","Other",3,4
"12-11-2016","Express","Brexit","Immigration",1,13
"12-11-2016","Express","Brexit","Other",12,13
"12-12-2015","Express","Brexit","Immigration",1,4
"12-12-2015","Express","Brexit","Other",3,4
"12-12-2016","Express","Brexit","Immigration",5,28
"12-12-2016","Express","Brexit","Other",23,28
"12-2-2016","Express","Brexit","Immigration",1,8
"12-2-2016","Express","Brexit","Other",7,8
"12-2-2017","Express","Brexit","Other",16,16
"12-3-2015","Express","Brexit","Other",6,6
"12-3-2016","Express","Brexit","Immigration",1,4
"12-3-2016","Express","Brexit","Other",3,4
"12-3-2017","Express","Brexit","Other",22,22
"12-4-2015","Express","Brexit","Other",2,2
"12-4-2016","Express","Brexit","Other",17,17
"12-5-2015","Express","Brexit","Other",5,5
"12-5-2016","Express","Brexit","Immigration",2,23
"12-5-2016","Express","Brexit","Other",21,23
"12-6-2015","Express","Brexit","Other",8,8
"12-6-2016","Express","Brexit","Immigration",2,15
"12-6-2016","Express","Brexit","Other",13,15
"12-7-2015","Express","Brexit","Other",2,2
"12-7-2016","Express","Brexit","Immigration",1,24
"12-7-2016","Express","Brexit","Other",23,24
"12-8-2015","Express","Brexit","Immigration",1,7
"12-8-2015","Express","Brexit","Other",6,7
"12-8-2016","Express","Brexit","Immigration",1,8
"12-8-2016","Express","Brexit","Other",7,8
"12-9-2015","Express","Brexit","Other",4,4
"12-9-2016","Express","Brexit","Immigration",1,23
"12-9-2016","Express","Brexit","Other",22,23
"13-1-2016","Express","Brexit","Other",6,6
"13-1-2017","Express","Brexit","Other",33,33
"13-10-2015","Express","Brexit","Other",6,6
"13-10-2016","Express","Brexit","Immigration",1,30
"13-10-2016","Express","Brexit","Other",29,30
"13-11-2015","Express","Brexit","Other",8,8
"13-11-2016","Express","Brexit","Other",11,11
"13-12-2015","Express","Brexit","Immigration",1,9
"13-12-2015","Express","Brexit","Other",8,9
"13-12-2016","Express","Brexit","Immigration",1,33
"13-12-2016","Express","Brexit","Other",32,33
"13-2-2016","Express","Brexit","Other",4,4
"13-2-2017","Express","Brexit","Immigration",1,26
"13-2-2017","Express","Brexit","Other",25,26
"13-3-2015","Express","Brexit","Other",1,1
"13-3-2016","Express","Brexit","Other",6,6
"13-3-2017","Express","Brexit","Immigration",3,47
"13-3-2017","Express","Brexit","Other",44,47
"13-4-2015","Express","Brexit","Other",5,5
"13-4-2016","Express","Brexit","Immigration",2,18
"13-4-2016","Express","Brexit","Other",16,18
"13-5-2015","Express","Brexit","Other",10,10
"13-5-2016","Express","Brexit","Immigration",5,25
"13-5-2016","Express","Brexit","Other",20,25
"13-6-2015","Express","Brexit","Other",4,4
"13-6-2016","Express","Brexit","Other",13,13
"13-7-2015","Express","Brexit","Other",3,3
"13-7-2016","Express","Brexit","Other",22,22
"13-8-2015","Express","Brexit","Immigration",1,7
"13-8-2015","Express","Brexit","Other",6,7
"13-8-2016","Express","Brexit","Other",9,9
"13-9-2015","Express","Brexit","Immigration",1,4
"13-9-2015","Express","Brexit","Other",3,4
"13-9-2016","Express","Brexit","Immigration",3,32
"13-9-2016","Express","Brexit","Other",29,32
"14-1-2016","Express","Brexit","Immigration",2,17
"14-1-2016","Express","Brexit","Other",15,17
"14-1-2017","Express","Brexit","Other",12,12
"14-10-2015","Express","Brexit","Other",9,9
"14-10-2016","Express","Brexit","Other",22,22
"14-11-2015","Express","Brexit","Other",1,1
"14-11-2016","Express","Brexit","Immigration",2,27
"14-11-2016","Express","Brexit","Other",25,27
"14-12-2015","Express","Brexit","Immigration",2,8
"14-12-2015","Express","Brexit","Other",6,8
"14-12-2016","Express","Brexit","Immigration",2,37
"14-12-2016","Express","Brexit","Other",35,37
"14-2-2016","Express","Brexit","Other",9,9
"14-2-2017","Express","Brexit","Other",32,32
"14-3-2015","Express","Brexit","Immigration",2,5
"14-3-2015","Express","Brexit","Other",3,5
"14-3-2016","Express","Brexit","Other",14,14
"14-3-2017","Express","Brexit","Immigration",1,40
"14-3-2017","Express","Brexit","Other",39,40
"14-4-2015","Express","Brexit","Other",2,2
"14-4-2016","Express","Brexit","Immigration",1,8
"14-4-2016","Express","Brexit","Other",7,8
"14-5-2015","Express","Brexit","Other",9,9
"14-5-2016","Express","Brexit","Immigration",1,9
"14-5-2016","Express","Brexit","Other",8,9
"14-6-2015","Express","Brexit","Other",3,3
"14-6-2016","Express","Brexit","Immigration",3,29
"14-6-2016","Express","Brexit","Other",26,29
"14-7-2015","Express","Brexit","Other",6,6
"14-7-2016","Express","Brexit","Immigration",2,26
"14-7-2016","Express","Brexit","Other",24,26
"14-8-2015","Express","Brexit","Other",2,3
"14-8-2015","Express","Brexit,Climate","Other",1,3
"14-8-2016","Express","Brexit","Other",12,12
"14-9-2015","Express","Brexit","Immigration",1,11
"14-9-2015","Express","Brexit","Other",10,11
"14-9-2016","Express","Brexit","Immigration",2,45
"14-9-2016","Express","Brexit","Other",43,45
"15-1-2016","Express","Brexit","Immigration",3,14
"15-1-2016","Express","Brexit","Other",11,14
"15-1-2017","Express","Brexit","Immigration",1,13
"15-1-2017","Express","Brexit","Other",12,13
"15-10-2015","Express","Brexit","Immigration",1,5
"15-10-2015","Express","Brexit","Other",4,5
"15-10-2016","Express","Brexit","Immigration",3,17
"15-10-2016","Express","Brexit","Other",14,17
"15-11-2015","Express","Brexit","Other",5,5
"15-11-2016","Express","Brexit","Immigration",1,30
"15-11-2016","Express","Brexit","Other",29,30
"15-12-2015","Express","Brexit","Immigration",3,10
"15-12-2015","Express","Brexit","Other",7,10
"15-12-2016","Express","Brexit","Immigration",4,33
"15-12-2016","Express","Brexit","Other",29,33
"15-2-2016","Express","Brexit","Other",12,12
"15-2-2017","Express","Brexit","Immigration",1,37
"15-2-2017","Express","Brexit","Other",36,37
"15-3-2015","Express","Brexit","Other",5,5
"15-3-2016","Express","Brexit","Immigration",1,12
"15-3-2016","Express","Brexit","Other",11,12
"15-3-2017","Express","Brexit","Other",42,42
"15-4-2015","Express","Brexit","Other",7,7
"15-4-2016","Express","Brexit","Immigration",1,16
"15-4-2016","Express","Brexit","Other",15,16
"15-5-2015","Express","Brexit","Other",8,8
"15-5-2016","Express","Brexit","Other",10,10
"15-6-2015","Express","Brexit","Other",4,4
"15-6-2016","Express","Brexit","Immigration",1,31
"15-6-2016","Express","Brexit","Other",30,31
"15-7-2015","Express","Brexit","Other",5,5
"15-7-2016","Express","Brexit","Immigration",2,23
"15-7-2016","Express","Brexit","Other",21,23
"15-8-2015","Express","Brexit","Other",5,5
"15-8-2016","Express","Brexit","Immigration",3,19
"15-8-2016","Express","Brexit","Other",16,19
"15-9-2015","Express","Brexit","Immigration",1,3
"15-9-2015","Express","Brexit","Other",2,3
"15-9-2016","Express","Brexit","Immigration",1,34
"15-9-2016","Express","Brexit","Other",33,34
"16-1-2016","Express","Brexit","Immigration",3,5
"16-1-2016","Express","Brexit","Other",2,5
"16-1-2017","Express","Brexit","Immigration",3,34
"16-1-2017","Express","Brexit","Other",31,34
"16-10-2015","Express","Brexit","Other",5,5
"16-10-2016","Express","Brexit","Other",13,13
"16-11-2015","Express","Brexit","Other",6,6
"16-11-2016","Express","Brexit","Immigration",1,33
"16-11-2016","Express","Brexit","Other",32,33
"16-12-2015","Express","Brexit","Immigration",1,7
"16-12-2015","Express","Brexit","Other",6,7
"16-12-2016","Express","Brexit","Immigration",1,36
"16-12-2016","Express","Brexit","Other",35,36
"16-2-2016","Express","Brexit","Immigration",2,9
"16-2-2016","Express","Brexit","Other",7,9
"16-2-2017","Express","Brexit","Other",39,39
"16-3-2015","Express","Brexit","Other",6,6
"16-3-2016","Express","Brexit","Immigration",1,9
"16-3-2016","Express","Brexit","Other",8,9
"16-3-2017","Express","Brexit","Immigration",2,43
"16-3-2017","Express","Brexit","Other",41,43
"16-4-2015","Express","Brexit","Other",9,9
"16-4-2016","Express","Brexit","Other",8,8
"16-5-2015","Express","Brexit","Other",6,6
"16-5-2016","Express","Brexit","Immigration",2,20
"16-5-2016","Express","Brexit","Other",18,20
"16-6-2015","Express","Brexit","Immigration",1,7
"16-6-2015","Express","Brexit","Other",6,7
"16-6-2016","Express","Brexit","Immigration",1,33
"16-6-2016","Express","Brexit","Other",32,33
"16-7-2015","Express","Brexit","Other",8,8
"16-7-2016","Express","Brexit","Other",6,6
"16-8-2015","Express","Brexit","Other",1,1
"16-8-2016","Express","Brexit","Immigration",1,13
"16-8-2016","Express","Brexit","Other",12,13
"16-9-2015","Express","Brexit","Other",8,8
"16-9-2016","Express","Brexit","Other",28,28
"17-1-2016","Express","Brexit","Other",11,11
"17-1-2017","Express","Brexit","Other",74,74
"17-10-2015","Express","Brexit","Other",4,4
"17-10-2016","Express","Brexit","Other",37,37
"17-11-2015","Express","Brexit","Immigration",1,6
"17-11-2015","Express","Brexit","Other",5,6
"17-11-2016","Express","Brexit","Immigration",1,32
"17-11-2016","Express","Brexit","Other",31,32
"17-12-2015","Express","Brexit","Other",10,10
"17-12-2016","Express","Brexit","Immigration",2,9
"17-12-2016","Express","Brexit","Other",7,9
"17-2-2016","Express","Brexit","Immigration",1,8
"17-2-2016","Express","Brexit","Other",7,8
"17-2-2017","Express","Brexit","Immigration",1,50
"17-2-2017","Express","Brexit","Other",49,50
"17-3-2015","Express","Brexit","Other",4,4
"17-3-2016","Express","Brexit","Immigration",2,12
"17-3-2016","Express","Brexit","Other",10,12
"17-3-2017","Express","Brexit","Other",30,30
"17-4-2015","Express","Brexit","Other",4,4
"17-4-2016","Express","Brexit","Other",13,13
"17-5-2015","Express","Brexit","Immigration",1,10
"17-5-2015","Express","Brexit","Other",9,10
"17-5-2016","Express","Brexit","Immigration",2,16
"17-5-2016","Express","Brexit","Other",14,16
"17-6-2015","Express","Brexit","Other",8,8
"17-6-2016","Express","Brexit","Immigration",2,16
"17-6-2016","Express","Brexit","Other",14,16
"17-7-2015","Express","Brexit","Other",4,4
"17-7-2016","Express","Brexit","Immigration",1,13
"17-7-2016","Express","Brexit","Other",12,13
"17-8-2015","Express","Brexit","Other",5,5
"17-8-2016","Express","Brexit","Other",29,29
"17-9-2015","Express","Brexit","Immigration",1,10
"17-9-2015","Express","Brexit","Other",9,10
"17-9-2016","Express","Brexit","Immigration",2,13
"17-9-2016","Express","Brexit","Other",11,13
"18-1-2016","Express","Brexit","Immigration",1,14
"18-1-2016","Express","Brexit","Other",13,14
"18-1-2017","Express","Brexit","Immigration",1,56
"18-1-2017","Express","Brexit","Other",55,56
"18-10-2016","Express","Brexit","Other",28,28
"18-11-2015","Express","Brexit","Immigration",2,7
"18-11-2015","Express","Brexit","Other",5,7
"18-11-2016","Express","Brexit","Other",33,33
"18-12-2015","Express","Brexit","Other",13,13
"18-12-2016","Express","Brexit","Immigration",1,14
"18-12-2016","Express","Brexit","Other",13,14
"18-2-2016","Express","Brexit","Immigration",1,10
"18-2-2016","Express","Brexit","Other",9,10
"18-2-2017","Express","Brexit","Other",14,14
"18-3-2015","Express","Brexit","Other",4,4
"18-3-2016","Express","Brexit","Immigration",5,14
"18-3-2016","Express","Brexit","Other",9,14
"18-3-2017","Express","Brexit","Immigration",1,18
"18-3-2017","Express","Brexit","Other",17,18
"18-4-2015","Express","Brexit","Other",3,3
"18-4-2016","Express","Brexit","Immigration",2,19
"18-4-2016","Express","Brexit","Other",17,19
"18-5-2015","Express","Brexit","Other",8,8
"18-5-2016","Express","Brexit","Other",20,20
"18-6-2015","Express","Brexit","Other",11,11
"18-6-2016","Express","Brexit","Other",11,11
"18-7-2015","Express","Brexit","Other",5,5
"18-7-2016","Express","Brexit","Immigration",1,32
"18-7-2016","Express","Brexit","Other",31,32
"18-8-2015","Express","Brexit","Other",2,2
"18-8-2016","Express","Brexit","Immigration",3,21
"18-8-2016","Express","Brexit","Other",18,21
"18-9-2015","Express","Brexit","Immigration",2,7
"18-9-2015","Express","Brexit","Other",5,7
"18-9-2016","Express","Brexit","Immigration",1,15
"18-9-2016","Express","Brexit","Other",14,15
"19-1-2016","Express","Brexit","Immigration",2,5
"19-1-2016","Express","Brexit","Other",3,5
"19-1-2017","Express","Brexit","Immigration",1,46
"19-1-2017","Express","Brexit","Other",45,46
"19-10-2015","Express","Brexit","Other",4,4
"19-10-2016","Express","Brexit","Immigration",1,29
"19-10-2016","Express","Brexit","Other",28,29
"19-11-2015","Express","Brexit","Other",2,2
"19-11-2016","Express","Brexit","Immigration",1,10
"19-11-2016","Express","Brexit","Other",9,10
"19-12-2015","Express","Brexit","Immigration",1,2
"19-12-2015","Express","Brexit","Other",1,2
"19-12-2016","Express","Brexit","Immigration",1,35
"19-12-2016","Express","Brexit","Other",34,35
"19-2-2016","Express","Brexit","Immigration",2,12
"19-2-2016","Express","Brexit","Other",10,12
"19-2-2017","Express","Brexit","Immigration",2,17
"19-2-2017","Express","Brexit","Other",15,17
"19-3-2015","Express","Brexit","Other",1,1
"19-3-2016","Express","Brexit","Immigration",1,6
"19-3-2016","Express","Brexit","Other",5,6
"19-3-2017","Express","Brexit","Other",11,11
"19-4-2015","Express","Brexit","Other",1,1
"19-4-2016","Express","Brexit","Immigration",1,11
"19-4-2016","Express","Brexit","Other",9,11
"19-4-2016","Express","Brexit,Climate","Other",1,11
"19-5-2015","Express","Brexit","Other",8,8
"19-5-2016","Express","Brexit","Immigration",1,17
"19-5-2016","Express","Brexit","Other",16,17
"19-6-2015","Express","Brexit","Immigration",1,8
"19-6-2015","Express","Brexit","Other",7,8
"19-6-2016","Express","Brexit","Other",12,12
"19-7-2015","Express","Brexit","Other",1,1
"19-7-2016","Express","Brexit","Immigration",1,21
"19-7-2016","Express","Brexit","Other",20,21
"19-8-2015","Express","Brexit","Immigration",1,9
"19-8-2015","Express","Brexit","Other",8,9
"19-8-2016","Express","Brexit","Immigration",2,23
"19-8-2016","Express","Brexit","Other",21,23
"19-9-2015","Express","Brexit","Immigration",1,6
"19-9-2015","Express","Brexit","Other",5,6
"19-9-2016","Express","Brexit","Immigration",1,23
"19-9-2016","Express","Brexit","Other",22,23
"2-1-2016","Express","Brexit","Other",4,4
"2-1-2017","Express","Brexit","Immigration",1,19
"2-1-2017","Express","Brexit","Other",18,19
"2-10-2015","Express","Brexit","Immigration",2,6
"2-10-2015","Express","Brexit","Other",4,6
"2-10-2016","Express","Brexit","Immigration",1,23
"2-10-2016","Express","Brexit","Other",22,23
"2-11-2015","Express","Brexit","Immigration",1,10
"2-11-2015","Express","Brexit","Other",9,10
"2-11-2016","Express","Brexit","Immigration",1,36
"2-11-2016","Express","Brexit","Other",35,36
"2-12-2015","Express","Brexit","Immigration",1,3
"2-12-2015","Express","Brexit","Other",2,3
"2-12-2016","Express","Brexit","Other",42,42
"2-2-2016","Express","Brexit","Immigration",1,15
"2-2-2016","Express","Brexit","Other",14,15
"2-2-2017","Express","Brexit","Immigration",2,52
"2-2-2017","Express","Brexit","Other",50,52
"2-3-2015","Express","Brexit","Other",6,6
"2-3-2016","Express","Brexit","Immigration",1,17
"2-3-2016","Express","Brexit","Other",16,17
"2-3-2017","Express","Brexit","Immigration",5,48
"2-3-2017","Express","Brexit","Other",43,48
"2-4-2015","Express","Brexit","Other",4,4
"2-4-2016","Express","Brexit","Immigration",3,6
"2-4-2016","Express","Brexit","Other",3,6
"2-5-2015","Express","Brexit","Other",3,3
"2-5-2016","Express","Brexit","Immigration",1,8
"2-5-2016","Express","Brexit","Other",7,8
"2-6-2015","Express","Brexit","Other",1,1
"2-6-2016","Express","Brexit","Other",21,23
"2-6-2016","Express","Brexit,Climate","Other",2,23
"2-7-2015","Express","Brexit","Other",8,8
"2-7-2016","Express","Brexit","Immigration",1,27
"2-7-2016","Express","Brexit","Other",26,27
"2-8-2015","Express","Brexit","Immigration",2,6
"2-8-2015","Express","Brexit","Other",4,6
"2-8-2016","Express","Brexit","Other",28,28
"2-9-2015","Express","Brexit","Immigration",1,11
"2-9-2015","Express","Brexit","Other",10,11
"2-9-2016","Express","Brexit","Immigration",1,23
"2-9-2016","Express","Brexit","Other",22,23
"20-1-2016","Express","Brexit","Immigration",3,13
"20-1-2016","Express","Brexit","Other",10,13
"20-1-2017","Express","Brexit","Other",27,27
"20-10-2015","Express","Brexit","Immigration",1,4
"20-10-2015","Express","Brexit","Other",3,4
"20-10-2016","Express","Brexit","Immigration",2,32
"20-10-2016","Express","Brexit","Other",30,32
"20-11-2015","Express","Brexit","Other",8,8
"20-11-2016","Express","Brexit","Other",20,20
"20-12-2015","Express","Brexit","Other",3,3
"20-12-2016","Express","Brexit","Immigration",1,23
"20-12-2016","Express","Brexit","Other",22,23
"20-2-2016","Express","Brexit","Immigration",2,20
"20-2-2016","Express","Brexit","Other",18,20
"20-2-2017","Express","Brexit","Immigration",1,39
"20-2-2017","Express","Brexit","Other",38,39
"20-3-2015","Express","Brexit","Immigration",1,5
"20-3-2015","Express","Brexit","Other",4,5
"20-3-2016","Express","Brexit","Other",4,4
"20-3-2017","Express","Brexit","Other",47,47
"20-4-2015","Express","Brexit","Immigration",1,8
"20-4-2015","Express","Brexit","Other",7,8
"20-4-2016","Express","Brexit","Immigration",3,20
"20-4-2016","Express","Brexit","Other",17,20
"20-5-2015","Express","Brexit","Immigration",1,6
"20-5-2015","Express","Brexit","Other",5,6
"20-5-2016","Express","Brexit","Immigration",3,22
"20-5-2016","Express","Brexit","Other",19,22
"20-6-2015","Express","Brexit","Other",4,4
"20-6-2016","Express","Brexit","Immigration",2,36
"20-6-2016","Express","Brexit","Other",34,36
"20-7-2015","Express","Brexit","Other",7,7
"20-7-2016","Express","Brexit","Other",27,27
"20-8-2015","Express","Brexit","Immigration",2,7
"20-8-2015","Express","Brexit","Other",5,7
"20-8-2016","Express","Brexit","Immigration",1,18
"20-8-2016","Express","Brexit","Other",17,18
"20-9-2015","Express","Brexit","Other",1,1
"20-9-2016","Express","Brexit","Immigration",1,23
"20-9-2016","Express","Brexit","Other",22,23
"21-1-2016","Express","Brexit","Immigration",1,15
"21-1-2016","Express","Brexit","Other",14,15
"21-1-2017","Express","Brexit","Other",12,12
"21-10-2015","Express","Brexit","Other",4,4
"21-10-2016","Express","Brexit","Immigration",2,32
"21-10-2016","Express","Brexit","Other",30,32
"21-11-2015","Express","Brexit","Other",1,1
"21-11-2016","Express","Brexit","Other",38,38
"21-12-2015","Express","Brexit","Immigration",1,6
"21-12-2015","Express","Brexit","Other",5,6
"21-12-2016","Express","Brexit","Immigration",2,21
"21-12-2016","Express","Brexit","Other",19,21
"21-2-2016","Express","Brexit","Immigration",2,9
"21-2-2016","Express","Brexit","Other",7,9
"21-2-2017","Express","Brexit","Immigration",1,31
"21-2-2017","Express","Brexit","Other",30,31
"21-3-2016","Express","Brexit","Immigration",2,10
"21-3-2016","Express","Brexit","Other",8,10
"21-3-2017","Express","Brexit","Immigration",3,57
"21-3-2017","Express","Brexit","Other",54,57
"21-4-2015","Express","Brexit","Other",2,2
"21-4-2016","Express","Brexit","Other",9,9
"21-5-2015","Express","Brexit","Immigration",1,9
"21-5-2015","Express","Brexit","Other",8,9
"21-5-2016","Express","Brexit","Other",11,11
"21-6-2015","Express","Brexit","Immigration",1,4
"21-6-2015","Express","Brexit","Other",3,4
"21-6-2016","Express","Brexit","Immigration",3,39
"21-6-2016","Express","Brexit","Other",36,39
"21-7-2015","Express","Brexit","Other",5,5
"21-7-2016","Express","Brexit","Other",25,25
"21-8-2015","Express","Brexit","Other",2,2
"21-8-2016","Express","Brexit","Other",17,17
"21-9-2015","Express","Brexit","Immigration",1,7
"21-9-2015","Express","Brexit","Other",6,7
"21-9-2016","Express","Brexit","Other",32,32
"22-1-2016","Express","Brexit","Immigration",2,9
"22-1-2016","Express","Brexit","Other",7,9
"22-1-2017","Express","Brexit","Other",21,22
"22-1-2017","Express","Brexit,Climate","Other",1,22
"22-10-2015","Express","Brexit","Immigration",1,6
"22-10-2015","Express","Brexit","Other",5,6
"22-10-2016","Express","Brexit","Other",9,9
"22-11-2015","Express","Brexit","Other",2,2
"22-11-2016","Express","Brexit","Immigration",1,48
"22-11-2016","Express","Brexit","Other",47,48
"22-12-2015","Express","Brexit","Other",6,6
"22-12-2016","Express","Brexit","Other",18,18
"22-2-2016","Express","Brexit","Immigration",1,19
"22-2-2016","Express","Brexit","Other",18,19
"22-2-2017","Express","Brexit","Immigration",2,32
"22-2-2017","Express","Brexit","Other",30,32
"22-3-2015","Express","Brexit","Other",2,2
"22-3-2016","Express","Brexit","Immigration",3,6
"22-3-2016","Express","Brexit","Other",3,6
"22-3-2017","Express","Brexit","Immigration",1,39
"22-3-2017","Express","Brexit","Other",38,39
"22-4-2015","Express","Brexit","Immigration",1,4
"22-4-2015","Express","Brexit","Other",3,4
"22-4-2016","Express","Brexit","Immigration",1,9
"22-4-2016","Express","Brexit","Other",8,9
"22-5-2015","Express","Brexit","Other",6,6
"22-5-2016","Express","Brexit","Immigration",2,11
"22-5-2016","Express","Brexit","Other",9,11
"22-6-2015","Express","Brexit","Other",7,7
"22-6-2016","Express","Brexit","Immigration",1,42
"22-6-2016","Express","Brexit","Other",41,42
"22-7-2015","Express","Brexit","Other",4,4
"22-7-2016","Express","Brexit","Immigration",1,26
"22-7-2016","Express","Brexit","Other",25,26
"22-8-2015","Express","Brexit","Other",3,3
"22-8-2016","Express","Brexit","Immigration",5,24
"22-8-2016","Express","Brexit","Other",19,24
"22-9-2015","Express","Brexit","Immigration",1,6
"22-9-2015","Express","Brexit","Other",5,6
"22-9-2016","Express","Brexit","Immigration",3,36
"22-9-2016","Express","Brexit","Other",33,36
"23-1-2016","Express","Brexit","Immigration",2,7
"23-1-2016","Express","Brexit","Other",5,7
"23-1-2017","Express","Brexit","Immigration",2,37
"23-1-2017","Express","Brexit","Other",35,37
"23-10-2015","Express","Brexit","Immigration",1,6
"23-10-2015","Express","Brexit","Other",5,6
"23-10-2016","Express","Brexit","Immigration",1,16
"23-10-2016","Express","Brexit","Other",15,16
"23-11-2015","Express","Brexit","Other",5,5
"23-11-2016","Express","Brexit","Immigration",2,35
"23-11-2016","Express","Brexit","Other",33,35
"23-12-2015","Express","Brexit","Other",3,3
"23-12-2016","Express","Brexit","Immigration",1,23
"23-12-2016","Express","Brexit","Other",22,23
"23-2-2016","Express","Brexit","Other",11,11
"23-2-2017","Express","Brexit","Immigration",3,32
"23-2-2017","Express","Brexit","Other",29,32
"23-3-2015","Express","Brexit","Immigration",1,2
"23-3-2015","Express","Brexit","Other",1,2
"23-3-2016","Express","Brexit","Other",13,13
"23-3-2017","Express","Brexit","Other",20,20
"23-4-2015","Express","Brexit","Immigration",1,8
"23-4-2015","Express","Brexit","Other",7,8
"23-4-2016","Express","Brexit","Other",11,11
"23-5-2015","Express","Brexit","Other",4,4
"23-5-2016","Express","Brexit","Immigration",2,17
"23-5-2016","Express","Brexit","Other",15,17
"23-6-2015","Express","Brexit","Immigration",1,8
"23-6-2015","Express","Brexit","Other",7,8
"23-6-2016","Express","Brexit","Immigration",3,37
"23-6-2016","Express","Brexit","Other",34,37
"23-7-2015","Express","Brexit","Other",6,6
"23-7-2016","Express","Brexit","Other",7,7
"23-8-2015","Express","Brexit","Other",5,5
"23-8-2016","Express","Brexit","Immigration",1,16
"23-8-2016","Express","Brexit","Other",15,16
"23-9-2015","Express","Brexit","Immigration",2,5
"23-9-2015","Express","Brexit","Other",3,5
"23-9-2016","Express","Brexit","Immigration",1,32
"23-9-2016","Express","Brexit","Other",31,32
"24-1-2016","Express","Brexit","Other",6,6
"24-1-2017","Express","Brexit","Immigration",1,58
"24-1-2017","Express","Brexit","Other",57,58
"24-10-2015","Express","Brexit","Other",4,4
"24-10-2016","Express","Brexit","Immigration",1,20
"24-10-2016","Express","Brexit","Other",19,20
"24-11-2015","Express","Brexit","Other",6,6
"24-11-2016","Express","Brexit","Other",36,36
"24-12-2015","Express","Brexit","Immigration",1,6
"24-12-2015","Express","Brexit","Other",5,6
"24-12-2016","Express","Brexit","Other",9,9
"24-2-2016","Express","Brexit","Immigration",1,14
"24-2-2016","Express","Brexit","Other",12,14
"24-2-2016","Express","Brexit,Climate","Other",1,14
"24-2-2017","Express","Brexit","Other",33,33
"24-3-2015","Express","Brexit","Other",3,4
"24-3-2015","Express","Brexit,Climate","Other",1,4
"24-3-2016","Express","Brexit","Immigration",1,14
"24-3-2016","Express","Brexit","Other",13,14
"24-3-2017","Express","Brexit","Other",43,43
"24-4-2015","Express","Brexit","Immigration",1,1
"24-4-2016","Express","Brexit","Other",10,10
"24-5-2015","Express","Brexit","Other",6,6
"24-5-2016","Express","Brexit","Immigration",3,31
"24-5-2016","Express","Brexit","Other",28,31
"24-6-2015","Express","Brexit","Immigration",1,9
"24-6-2015","Express","Brexit","Other",8,9
"24-6-2016","Express","Brexit","Immigration",1,76
"24-6-2016","Express","Brexit","Other",75,76
"24-7-2015","Express","Brexit","Other",12,12
"24-7-2016","Express","Brexit","Immigration",1,13
"24-7-2016","Express","Brexit","Other",12,13
"24-8-2015","Express","Brexit","Other",2,2
"24-8-2016","Express","Brexit","Immigration",3,24
"24-8-2016","Express","Brexit","Other",21,24
"24-9-2015","Express","Brexit","Immigration",4,11
"24-9-2015","Express","Brexit","Other",7,11
"24-9-2016","Express","Brexit","Other",7,7
"25-1-2016","Express","Brexit","Immigration",2,11
"25-1-2016","Express","Brexit","Other",9,11
"25-1-2017","Express","Brexit","Other",50,50
"25-10-2015","Express","Brexit","Other",2,2
"25-10-2016","Express","Brexit","Immigration",2,24
"25-10-2016","Express","Brexit","Other",22,24
"25-11-2015","Express","Brexit","Immigration",2,8
"25-11-2015","Express","Brexit","Other",6,8
"25-11-2016","Express","Brexit","Immigration",1,31
"25-11-2016","Express","Brexit","Other",30,31
"25-12-2015","Express","Brexit","Other",3,3
"25-12-2016","Express","Brexit","Other",7,7
"25-2-2016","Express","Brexit","Immigration",1,13
"25-2-2016","Express","Brexit","Other",12,13
"25-2-2017","Express","Brexit","Other",14,14
"25-3-2015","Express","Brexit","Other",2,2
"25-3-2016","Express","Brexit","Other",5,5
"25-3-2017","Express","Brexit","Other",21,22
"25-3-2017","Express","Brexit,Climate","Other",1,22
"25-4-2015","Express","Brexit","Other",1,1
"25-4-2016","Express","Brexit","Other",17,17
"25-5-2015","Express","Brexit","Other",7,7
"25-5-2016","Express","Brexit","Immigration",1,31
"25-5-2016","Express","Brexit","Other",30,31
"25-6-2015","Express","Brexit","Immigration",1,4
"25-6-2015","Express","Brexit","Other",3,4
"25-6-2016","Express","Brexit","Other",40,40
"25-7-2015","Express","Brexit","Other",1,1
"25-7-2016","Express","Brexit","Other",26,26
"25-8-2015","Express","Brexit","Other",3,3
"25-8-2016","Express","Brexit","Immigration",2,38
"25-8-2016","Express","Brexit","Other",36,38
"25-9-2015","Express","Brexit","Other",8,8
"25-9-2016","Express","Brexit","Immigration",2,16
"25-9-2016","Express","Brexit","Other",14,16
"26-1-2016","Express","Brexit","Immigration",1,10
"26-1-2016","Express","Brexit","Other",9,10
"26-1-2017","Express","Brexit","Immigration",1,48
"26-1-2017","Express","Brexit","Other",47,48
"26-10-2015","Express","Brexit","Immigration",2,8
"26-10-2015","Express","Brexit","Other",6,8
"26-10-2016","Express","Brexit","Immigration",1,45
"26-10-2016","Express","Brexit","Other",44,45
"26-11-2015","Express","Brexit","Immigration",1,2
"26-11-2015","Express","Brexit","Other",1,2
"26-11-2016","Express","Brexit","Other",21,21
"26-12-2015","Express","Brexit","Immigration",1,5
"26-12-2015","Express","Brexit","Other",4,5
"26-12-2016","Express","Brexit","Other",7,7
"26-2-2016","Express","Brexit","Other",13,13
"26-2-2017","Express","Brexit","Immigration",2,15
"26-2-2017","Express","Brexit","Other",13,15
"26-3-2015","Express","Brexit","Other",4,4
"26-3-2016","Express","Brexit","Other",3,3
"26-3-2017","Express","Brexit","Immigration",1,15
"26-3-2017","Express","Brexit","Other",14,15
"26-4-2015","Express","Brexit","Other",5,5
"26-4-2016","Express","Brexit","Other",16,16
"26-5-2015","Express","Brexit","Immigration",1,10
"26-5-2015","Express","Brexit","Other",9,10
"26-5-2016","Express","Brexit","Other",26,26
"26-6-2015","Express","Brexit","Immigration",1,7
"26-6-2015","Express","Brexit","Other",6,7
"26-6-2016","Express","Brexit","Other",37,37
"26-7-2015","Express","Brexit","Other",1,1
"26-7-2016","Express","Brexit","Immigration",1,27
"26-7-2016","Express","Brexit","Other",26,27
"26-8-2015","Express","Brexit","Immigration",2,10
"26-8-2015","Express","Brexit","Other",8,10
"26-8-2016","Express","Brexit","Other",14,14
"26-9-2015","Express","Brexit","Other",1,2
"26-9-2015","Express","Brexit,Climate","Other",1,2
"26-9-2016","Express","Brexit","Immigration",1,25
"26-9-2016","Express","Brexit","Other",24,25
"27-1-2016","Express","Brexit","Immigration",1,11
"27-1-2016","Express","Brexit","Other",10,11
"27-1-2017","Express","Brexit","Immigration",2,32
"27-1-2017","Express","Brexit","Other",30,32
"27-10-2015","Express","Brexit","Other",4,4
"27-10-2016","Express","Brexit","Immigration",2,43
"27-10-2016","Express","Brexit","Other",41,43
"27-11-2015","Express","Brexit","Other",2,2
"27-11-2016","Express","Brexit","Immigration",1,17
"27-11-2016","Express","Brexit","Other",16,17
"27-12-2015","Express","Brexit","Other",3,3
"27-12-2016","Express","Brexit","Other",18,18
"27-2-2016","Express","Brexit","Other",6,6
"27-2-2017","Express","Brexit","Immigration",3,35
"27-2-2017","Express","Brexit","Other",32,35
"27-3-2015","Express","Brexit","Other",7,7
"27-3-2016","Express","Brexit","Other",5,5
"27-3-2017","Express","Brexit","Other",48,48
"27-4-2015","Express","Brexit","Immigration",1,6
"27-4-2015","Express","Brexit","Other",5,6
"27-4-2016","Express","Brexit","Immigration",2,15
"27-4-2016","Express","Brexit","Other",13,15
"27-5-2015","Express","Brexit","Immigration",1,9
"27-5-2015","Express","Brexit","Other",8,9
"27-5-2016","Express","Brexit","Immigration",1,23
"27-5-2016","Express","Brexit","Other",22,23
"27-6-2015","Express","Brexit","Other",3,3
"27-6-2016","Express","Brexit","Immigration",2,68
"27-6-2016","Express","Brexit","Other",66,68
"27-7-2015","Express","Brexit","Other",6,6
"27-7-2016","Express","Brexit","Immigration",5,31
"27-7-2016","Express","Brexit","Other",26,31
"27-8-2015","Express","Brexit","Immigration",2,6
"27-8-2015","Express","Brexit","Other",4,6
"27-8-2016","Express","Brexit","Other",11,11
"27-9-2015","Express","Brexit","Other",2,2
"27-9-2016","Express","Brexit","Other",26,26
"28-1-2016","Express","Brexit","Immigration",3,17
"28-1-2016","Express","Brexit","Other",14,17
"28-1-2017","Express","Brexit","Other",10,10
"28-10-2015","Express","Brexit","Immigration",1,11
"28-10-2015","Express","Brexit","Other",10,11
"28-10-2016","Express","Brexit","Immigration",2,25
"28-10-2016","Express","Brexit","Other",23,25
"28-11-2016","Express","Brexit","Immigration",1,43
"28-11-2016","Express","Brexit","Other",42,43
"28-12-2015","Express","Brexit","Other",3,4
"28-12-2015","Express","Brexit,Climate","Other",1,4
"28-12-2016","Express","Brexit","Immigration",1,19
"28-12-2016","Express","Brexit","Other",18,19
"28-2-2016","Express","Brexit","Other",11,11
"28-2-2017","Express","Brexit","Immigration",1,43
"28-2-2017","Express","Brexit","Other",42,43
"28-3-2015","Express","Brexit","Immigration",1,1
"28-3-2016","Express","Brexit","Other",11,11
"28-3-2017","Express","Brexit","Other",56,56
"28-4-2015","Express","Brexit","Other",6,6
"28-4-2016","Express","Brexit","Immigration",1,20
"28-4-2016","Express","Brexit","Other",19,20
"28-5-2015","Express","Brexit","Other",6,6
"28-5-2016","Express","Brexit","Immigration",1,5
"28-5-2016","Express","Brexit","Other",4,5
"28-6-2015","Express","Brexit","Other",3,3
"28-6-2016","Express","Brexit","Immigration",3,59
"28-6-2016","Express","Brexit","Other",56,59
"28-7-2015","Express","Brexit","Other",14,14
"28-7-2016","Express","Brexit","Immigration",1,26
"28-7-2016","Express","Brexit","Other",25,26
"28-8-2015","Express","Brexit","Other",4,4
"28-8-2016","Express","Brexit","Other",13,13
"28-9-2015","Express","Brexit","Immigration",1,7
"28-9-2015","Express","Brexit","Other",6,7
"28-9-2016","Express","Brexit","Immigration",3,31
"28-9-2016","Express","Brexit","Other",28,31
"29-1-2016","Express","Brexit","Immigration",1,9
"29-1-2016","Express","Brexit","Other",8,9
"29-1-2017","Express","Brexit","Other",13,13
"29-10-2015","Express","Brexit","Immigration",1,9
"29-10-2015","Express","Brexit","Other",8,9
"29-10-2016","Express","Brexit","Other",11,11
"29-11-2015","Express","Brexit","Other",8,8
"29-11-2016","Express","Brexit","Other",32,32
"29-12-2015","Express","Brexit","Other",8,8
"29-12-2016","Express","Brexit","Immigration",1,12
"29-12-2016","Express","Brexit","Other",11,12
"29-2-2016","Express","Brexit","Immigration",1,15
"29-2-2016","Express","Brexit","Other",14,15
"29-3-2015","Express","Brexit","Other",2,2
"29-3-2016","Express","Brexit","Other",10,10
"29-3-2017","Express","Brexit","Immigration",2,89
"29-3-2017","Express","Brexit","Other",87,89
"29-4-2015","Express","Brexit","Other",3,3
"29-4-2016","Express","Brexit","Other",14,14
"29-5-2015","Express","Brexit","Immigration",2,9
"29-5-2015","Express","Brexit","Other",7,9
"29-5-2016","Express","Brexit","Immigration",1,15
"29-5-2016","Express","Brexit","Other",14,15
"29-6-2015","Express","Brexit","Other",6,6
"29-6-2016","Express","Brexit","Immigration",2,60
"29-6-2016","Express","Brexit","Other",58,60
"29-7-2015","Express","Brexit","Other",7,7
"29-7-2016","Express","Brexit","Immigration",2,22
"29-7-2016","Express","Brexit","Other",20,22
"29-8-2015","Express","Brexit","Other",2,2
"29-8-2016","Express","Brexit","Other",22,22
"29-9-2015","Express","Brexit","Immigration",1,9
"29-9-2015","Express","Brexit","Other",8,9
"29-9-2016","Express","Brexit","Immigration",1,36
"29-9-2016","Express","Brexit","Other",35,36
"3-1-2016","Express","Brexit","Other",1,1
"3-1-2017","Express","Brexit","Immigration",3,33
"3-1-2017","Express","Brexit","Other",30,33
"3-10-2015","Express","Brexit","Other",5,5
"3-10-2016","Express","Brexit","Immigration",5,28
"3-10-2016","Express","Brexit","Other",23,28
"3-11-2015","Express","Brexit","Immigration",1,5
"3-11-2015","Express","Brexit","Other",4,5
"3-11-2016","Express","Brexit","Other",35,35
"3-12-2015","Express","Brexit","Immigration",3,11
"3-12-2015","Express","Brexit","Other",8,11
"3-12-2016","Express","Brexit","Immigration",1,16
"3-12-2016","Express","Brexit","Other",15,16
"3-2-2016","Express","Brexit","Immigration",2,14
"3-2-2016","Express","Brexit","Other",12,14
"3-2-2017","Express","Brexit","Immigration",1,41
"3-2-2017","Express","Brexit","Other",40,41
"3-3-2015","Express","Brexit","Immigration",1,6
"3-3-2015","Express","Brexit","Other",5,6
"3-3-2016","Express","Brexit","Immigration",2,13
"3-3-2016","Express","Brexit","Other",11,13
"3-3-2017","Express","Brexit","Immigration",2,35
"3-3-2017","Express","Brexit","Other",33,35
"3-4-2015","Express","Brexit","Other",6,6
"3-4-2016","Express","Brexit","Other",4,4
"3-5-2015","Express","Brexit","Other",2,2
"3-5-2016","Express","Brexit","Immigration",1,17
"3-5-2016","Express","Brexit","Other",16,17
"3-6-2015","Express","Brexit","Other",3,3
"3-6-2016","Express","Brexit","Other",33,33
"3-7-2015","Express","Brexit","Other",8,8
"3-7-2016","Express","Brexit","Immigration",1,22
"3-7-2016","Express","Brexit","Other",21,22
"3-8-2015","Express","Brexit","Immigration",1,8
"3-8-2015","Express","Brexit","Other",7,8
"3-8-2016","Express","Brexit","Immigration",2,22
"3-8-2016","Express","Brexit","Other",20,22
"3-9-2015","Express","Brexit","Immigration",2,4
"3-9-2015","Express","Brexit","Other",2,4
"3-9-2016","Express","Brexit","Immigration",1,15
"3-9-2016","Express","Brexit","Other",14,15
"30-1-2016","Express","Brexit","Immigration",1,1
"30-1-2017","Express","Brexit","Other",28,28
"30-10-2015","Express","Brexit","Immigration",1,4
"30-10-2015","Express","Brexit","Other",3,4
"30-10-2016","Express","Brexit","Other",13,13
"30-11-2015","Express","Brexit","Immigration",2,11
"30-11-2015","Express","Brexit","Other",9,11
"30-11-2016","Express","Brexit","Immigration",8,44
"30-11-2016","Express","Brexit","Other",36,44
"30-12-2015","Express","Brexit","Immigration",1,5
"30-12-2015","Express","Brexit","Other",4,5
"30-12-2016","Express","Brexit","Other",12,12
"30-3-2015","Express","Brexit","Other",6,6
"30-3-2016","Express","Brexit","Immigration",1,11
"30-3-2016","Express","Brexit","Other",10,11
"30-3-2017","Express","Brexit","Other",88,88
"30-4-2015","Express","Brexit","Other",5,5
"30-4-2016","Express","Brexit","Immigration",1,8
"30-4-2016","Express","Brexit","Other",7,8
"30-5-2015","Express","Brexit","Other",3,3
"30-5-2016","Express","Brexit","Immigration",4,11
"30-5-2016","Express","Brexit","Other",7,11
"30-6-2015","Express","Brexit","Immigration",1,6
"30-6-2015","Express","Brexit","Other",5,6
"30-6-2016","Express","Brexit","Immigration",1,35
"30-6-2016","Express","Brexit","Other",34,35
"30-7-2015","Express","Brexit","Immigration",1,5
"30-7-2015","Express","Brexit","Other",4,5
"30-7-2016","Express","Brexit","Other",5,5
"30-8-2015","Express","Brexit","Immigration",1,7
"30-8-2015","Express","Brexit","Other",6,7
"30-8-2016","Express","Brexit","Immigration",3,32
"30-8-2016","Express","Brexit","Other",29,32
"30-9-2015","Express","Brexit","Other",11,11
"30-9-2016","Express","Brexit","Immigration",1,23
"30-9-2016","Express","Brexit","Other",22,23
"31-1-2016","Express","Brexit","Other",3,3
"31-1-2017","Express","Brexit","Other",36,36
"31-10-2015","Express","Brexit","Other",2,2
"31-10-2016","Express","Brexit","Other",29,29
"31-12-2015","Express","Brexit","Other",3,3
"31-12-2016","Express","Brexit","Other",7,7
"31-3-2015","Express","Brexit","Other",4,4
"31-3-2016","Express","Brexit","Other",11,11
"31-3-2017","Express","Brexit","Immigration",1,58
"31-3-2017","Express","Brexit","Other",57,58
"31-5-2015","Express","Brexit","Other",3,3
"31-5-2016","Express","Brexit","Immigration",2,26
"31-5-2016","Express","Brexit","Other",24,26
"31-7-2015","Express","Brexit","Other",4,4
"31-7-2016","Express","Brexit","Immigration",1,10
"31-7-2016","Express","Brexit","Other",9,10
"31-8-2015","Express","Brexit","Other",2,2
"31-8-2016","Express","Brexit","Immigration",1,34
"31-8-2016","Express","Brexit","Other",33,34
"4-1-2016","Express","Brexit","Other",11,11
"4-1-2017","Express","Brexit","Immigration",1,31
"4-1-2017","Express","Brexit","Other",30,31
"4-10-2015","Express","Brexit","Other",3,3
"4-10-2016","Express","Brexit","Immigration",1,33
"4-10-2016","Express","Brexit","Other",32,33
"4-11-2015","Express","Brexit","Other",3,3
"4-11-2016","Express","Brexit","Immigration",2,42
"4-11-2016","Express","Brexit","Other",40,42
"4-12-2015","Express","Brexit","Immigration",5,9
"4-12-2015","Express","Brexit","Other",4,9
"4-12-2016","Express","Brexit","Immigration",1,17
"4-12-2016","Express","Brexit","Other",16,17
"4-2-2016","Express","Brexit","Other",15,15
"4-2-2017","Express","Brexit","Immigration",2,20
"4-2-2017","Express","Brexit","Other",18,20
"4-3-2015","Express","Brexit","Other",3,3
"4-3-2016","Express","Brexit","Immigration",3,12
"4-3-2016","Express","Brexit","Other",9,12
"4-3-2017","Express","Brexit","Other",13,13
"4-4-2016","Express","Brexit","Immigration",2,17
"4-4-2016","Express","Brexit","Other",15,17
"4-5-2015","Express","Brexit","Other",1,1
"4-5-2016","Express","Brexit","Immigration",1,13
"4-5-2016","Express","Brexit","Other",12,13
"4-6-2015","Express","Brexit","Other",7,7
"4-6-2016","Express","Brexit","Other",8,8
"4-7-2015","Express","Brexit","Immigration",1,9
"4-7-2015","Express","Brexit","Other",8,9
"4-7-2016","Express","Brexit","Immigration",1,31
"4-7-2016","Express","Brexit","Other",30,31
"4-8-2015","Express","Brexit","Immigration",1,14
"4-8-2015","Express","Brexit","Other",13,14
"4-8-2016","Express","Brexit","Immigration",3,23
"4-8-2016","Express","Brexit","Other",20,23
"4-9-2015","Express","Brexit","Other",5,5
"4-9-2016","Express","Brexit","Other",21,21
"5-1-2016","Express","Brexit","Other",10,10
"5-1-2017","Express","Brexit","Immigration",3,40
"5-1-2017","Express","Brexit","Other",37,40
"5-10-2015","Express","Brexit","Other",9,9
"5-10-2016","Express","Brexit","Immigration",2,24
"5-10-2016","Express","Brexit","Other",22,24
"5-11-2015","Express","Brexit","Immigration",2,8
"5-11-2015","Express","Brexit","Other",6,8
"5-11-2016","Express","Brexit","Other",15,15
"5-12-2015","Express","Brexit","Other",3,3
"5-12-2016","Express","Brexit","Immigration",4,49
"5-12-2016","Express","Brexit","Other",45,49
"5-2-2016","Express","Brexit","Other",12,12
"5-2-2017","Express","Brexit","Other",13,13
"5-3-2015","Express","Brexit","Immigration",1,2
"5-3-2015","Express","Brexit","Other",1,2
"5-3-2016","Express","Brexit","Immigration",3,5
"5-3-2016","Express","Brexit","Other",2,5
"5-3-2017","Express","Brexit","Other",8,8
"5-4-2015","Express","Brexit","Other",5,5
"5-4-2016","Express","Brexit","Immigration",2,17
"5-4-2016","Express","Brexit","Other",15,17
"5-5-2015","Express","Brexit","Other",10,10
"5-5-2016","Express","Brexit","Other",15,15
"5-6-2015","Express","Brexit","Other",7,7
"5-6-2016","Express","Brexit","Other",10,10
"5-7-2015","Express","Brexit","Other",7,7
"5-7-2016","Express","Brexit","Other",33,33
"5-8-2015","Express","Brexit","Immigration",2,6
"5-8-2015","Express","Brexit","Other",4,6
"5-8-2016","Express","Brexit","Other",12,12
"5-9-2015","Express","Brexit","Other",2,2
"5-9-2016","Express","Brexit","Immigration",2,22
"5-9-2016","Express","Brexit","Other",20,22
"6-1-2016","Express","Brexit","Immigration",1,8
"6-1-2016","Express","Brexit","Other",7,8
"6-1-2017","Express","Brexit","Immigration",2,31
"6-1-2017","Express","Brexit","Other",29,31
"6-10-2015","Express","Brexit","Immigration",1,7
"6-10-2015","Express","Brexit","Other",6,7
"6-10-2016","Express","Brexit","Other",20,20
"6-11-2015","Express","Brexit","Immigration",2,9
"6-11-2015","Express","Brexit","Other",7,9
"6-11-2016","Express","Brexit","Other",22,22
"6-12-2015","Express","Brexit","Other",4,4
"6-12-2016","Express","Brexit","Immigration",2,45
"6-12-2016","Express","Brexit","Other",43,45
"6-2-2016","Express","Brexit","Other",4,4
"6-2-2017","Express","Brexit","Other",40,40
"6-3-2015","Express","Brexit","Other",4,4
"6-3-2016","Express","Brexit","Other",8,8
"6-3-2017","Express","Brexit","Immigration",1,48
"6-3-2017","Express","Brexit","Other",47,48
"6-4-2015","Express","Brexit","Other",2,2
"6-4-2016","Express","Brexit","Immigration",1,8
"6-4-2016","Express","Brexit","Other",7,8
"6-5-2015","Express","Brexit","Immigration",1,4
"6-5-2015","Express","Brexit","Other",3,4
"6-5-2016","Express","Brexit","Other",8,8
"6-6-2015","Express","Brexit","Other",5,5
"6-6-2016","Express","Brexit","Immigration",1,25
"6-6-2016","Express","Brexit","Other",24,25
"6-7-2015","Express","Brexit","Immigration",1,8
"6-7-2015","Express","Brexit","Other",7,8
"6-7-2016","Express","Brexit","Immigration",3,26
"6-7-2016","Express","Brexit","Other",23,26
"6-8-2015","Express","Brexit","Other",6,6
"6-8-2016","Express","Brexit","Other",12,12
"6-9-2015","Express","Brexit","Other",2,2
"6-9-2016","Express","Brexit","Immigration",1,28
"6-9-2016","Express","Brexit","Other",27,28
"7-1-2016","Express","Brexit","Other",10,10
"7-1-2017","Express","Brexit","Other",11,11
"7-10-2015","Express","Brexit","Immigration",1,9
"7-10-2015","Express","Brexit","Other",8,9
"7-10-2016","Express","Brexit","Immigration",3,27
"7-10-2016","Express","Brexit","Other",24,27
"7-11-2015","Express","Brexit","Other",2,2
"7-11-2016","Express","Brexit","Immigration",3,38
"7-11-2016","Express","Brexit","Other",35,38
"7-12-2015","Express","Brexit","Other",2,2
"7-12-2016","Express","Brexit","Other",37,37
"7-2-2016","Express","Brexit","Other",5,5
"7-2-2017","Express","Brexit","Immigration",4,48
"7-2-2017","Express","Brexit","Other",44,48
"7-3-2015","Express","Brexit","Other",1,1
"7-3-2016","Express","Brexit","Immigration",3,15
"7-3-2016","Express","Brexit","Other",12,15
"7-3-2017","Express","Brexit","Immigration",4,42
"7-3-2017","Express","Brexit","Other",38,42
"7-4-2015","Express","Brexit","Other",7,7
"7-4-2016","Express","Brexit","Other",16,16
"7-5-2015","Express","Brexit","Other",7,7
"7-5-2016","Express","Brexit","Other",12,12
"7-6-2015","Express","Brexit","Immigration",3,5
"7-6-2015","Express","Brexit","Other",2,5
"7-6-2016","Express","Brexit","Immigration",1,22
"7-6-2016","Express","Brexit","Other",21,22
"7-7-2015","Express","Brexit","Other",6,6
"7-7-2016","Express","Brexit","Immigration",1,30
"7-7-2016","Express","Brexit","Other",29,30
"7-8-2015","Express","Brexit","Other",6,6
"7-8-2016","Express","Brexit","Other",5,5
"7-9-2015","Express","Brexit","Other",3,3
"7-9-2016","Express","Brexit","Immigration",3,40
"7-9-2016","Express","Brexit","Other",37,40
"8-1-2016","Express","Brexit","Other",4,4
"8-1-2017","Express","Brexit","Other",12,12
"8-10-2015","Express","Brexit","Immigration",2,10
"8-10-2015","Express","Brexit","Other",8,10
"8-10-2016","Express","Brexit","Other",8,8
"8-11-2015","Express","Brexit","Other",5,5
"8-11-2016","Express","Brexit","Other",36,36
"8-12-2015","Express","Brexit","Immigration",2,7
"8-12-2015","Express","Brexit","Other",5,7
"8-12-2016","Express","Brexit","Immigration",2,41
"8-12-2016","Express","Brexit","Other",39,41
"8-2-2016","Express","Brexit","Immigration",2,15
"8-2-2016","Express","Brexit","Other",13,15
"8-2-2017","Express","Brexit","Other",35,35
"8-3-2015","Express","Brexit","Other",2,2
"8-3-2016","Express","Brexit","Immigration",4,13
"8-3-2016","Express","Brexit","Other",9,13
"8-3-2017","Express","Brexit","Other",26,26
"8-4-2015","Express","Brexit","Other",5,5
"8-4-2016","Express","Brexit","Immigration",3,16
"8-4-2016","Express","Brexit","Other",13,16
"8-5-2015","Express","Brexit","Other",5,5
"8-5-2016","Express","Brexit","Immigration",1,5
"8-5-2016","Express","Brexit","Other",4,5
"8-6-2015","Express","Brexit","Immigration",1,8
"8-6-2015","Express","Brexit","Other",7,8
"8-6-2016","Express","Brexit","Other",23,23
"8-7-2015","Express","Brexit","Other",2,2
"8-7-2016","Express","Brexit","Immigration",1,16
"8-7-2016","Express","Brexit","Other",15,16
"8-8-2015","Express","Brexit","Other",2,2
"8-8-2016","Express","Brexit","Immigration",3,21
"8-8-2016","Express","Brexit","Other",18,21
"8-9-2015","Express","Brexit","Other",6,6
"8-9-2016","Express","Brexit","Immigration",2,17
"8-9-2016","Express","Brexit","Other",15,17
"9-1-2016","Express","Brexit","Other",3,3
"9-1-2017","Express","Brexit","Immigration",1,23
"9-1-2017","Express","Brexit","Other",22,23
"9-10-2015","Express","Brexit","Other",6,6
"9-10-2016","Express","Brexit","Immigration",1,12
"9-10-2016","Express","Brexit","Other",11,12
"9-11-2015","Express","Brexit","Other",5,5
"9-11-2016","Express","Brexit","Immigration",1,28
"9-11-2016","Express","Brexit","Other",27,28
"9-12-2015","Express","Brexit","Immigration",1,11
"9-12-2015","Express","Brexit","Other",10,11
"9-12-2016","Express","Brexit","Immigration",3,30
"9-12-2016","Express","Brexit","Other",27,30
"9-2-2016","Express","Brexit","Immigration",1,11
"9-2-2016","Express","Brexit","Other",10,11
"9-2-2017","Express","Brexit","Immigration",3,56
"9-2-2017","Express","Brexit","Other",53,56
"9-3-2015","Express","Brexit","Other",5,5
"9-3-2016","Express","Brexit","Immigration",2,15
"9-3-2016","Express","Brexit","Other",13,15
"9-3-2017","Express","Brexit","Other",26,26
"9-4-2015","Express","Brexit","Other",1,1
"9-4-2016","Express","Brexit","Other",4,4
"9-5-2015","Express","Brexit","Other",3,3
"9-5-2016","Express","Brexit","Immigration",1,13
"9-5-2016","Express","Brexit","Other",12,13
"9-6-2015","Express","Brexit","Other",5,5
"9-6-2016","Express","Brexit","Immigration",1,23
"9-6-2016","Express","Brexit","Other",22,23
"9-7-2015","Express","Brexit","Immigration",1,6
"9-7-2015","Express","Brexit","Other",5,6
"9-7-2016","Express","Brexit","Immigration",1,14
"9-7-2016","Express","Brexit","Other",13,14
"9-8-2015","Express","Brexit","Immigration",1,3
"9-8-2015","Express","Brexit","Other",2,3
"9-8-2016","Express","Brexit","Immigration",1,19
"9-8-2016","Express","Brexit","Other",18,19
"9-9-2015","Express","Brexit","Other",5,5
"9-9-2016","Express","Brexit","Immigration",2,22
"9-9-2016","Express","Brexit","Other",20,22
